-- phpMyAdmin SQL Dump
-- version 5.2.0
-- https://www.phpmyadmin.net/
--
-- Host: localhost:3306
-- Generation Time: Jun 11, 2024 at 02:47 AM
-- Server version: 8.0.30
-- PHP Version: 8.1.10

SET SQL_MODE = "NO_AUTO_VALUE_ON_ZERO";
START TRANSACTION;
SET time_zone = "+00:00";


/*!40101 SET @OLD_CHARACTER_SET_CLIENT=@@CHARACTER_SET_CLIENT */;
/*!40101 SET @OLD_CHARACTER_SET_RESULTS=@@CHARACTER_SET_RESULTS */;
/*!40101 SET @OLD_COLLATION_CONNECTION=@@COLLATION_CONNECTION */;
/*!40101 SET NAMES utf8mb4 */;

--
-- Database: `xuong-oop`
--

-- --------------------------------------------------------

--
-- Table structure for table `carts`
--

CREATE TABLE `carts` (
  `id` int NOT NULL,
  `user_id` int NOT NULL
) ENGINE=InnoDB DEFAULT CHARSET=utf8mb4 COLLATE=utf8mb4_0900_ai_ci;

--
-- Dumping data for table `carts`
--

INSERT INTO `carts` (`id`, `user_id`) VALUES
(2, 95);

-- --------------------------------------------------------

--
-- Table structure for table `cart_details`
--

CREATE TABLE `cart_details` (
  `id` int NOT NULL,
  `cart_id` int NOT NULL,
  `product_id` int NOT NULL,
  `quantity` int NOT NULL
) ENGINE=InnoDB DEFAULT CHARSET=utf8mb4 COLLATE=utf8mb4_0900_ai_ci;

--
-- Dumping data for table `cart_details`
--

INSERT INTO `cart_details` (`id`, `cart_id`, `product_id`, `quantity`) VALUES
(9, 2, 10, 1);

-- --------------------------------------------------------

--
-- Table structure for table `categories`
--

CREATE TABLE `categories` (
  `id` int NOT NULL,
  `name` varchar(50) NOT NULL
) ENGINE=InnoDB DEFAULT CHARSET=utf8mb4 COLLATE=utf8mb4_0900_ai_ci;

--
-- Dumping data for table `categories`
--

INSERT INTO `categories` (`id`, `name`) VALUES
(1, 'Điện thoại di động'),
(2, 'Laptop'),
(8, 'PC');

-- --------------------------------------------------------

--
-- Table structure for table `orders`
--

CREATE TABLE `orders` (
  `id` int NOT NULL,
  `user_id` int NOT NULL,
  `user_name` varchar(255) NOT NULL,
  `user_email` varchar(255) NOT NULL,
  `user_phone` varchar(255) NOT NULL,
  `user_address` varchar(255) NOT NULL,
  `shipping_name` varchar(255) DEFAULT NULL,
  `shipping_email` varchar(255) DEFAULT NULL,
  `shipping_phone` varchar(255) DEFAULT NULL,
  `shipping_address` varchar(255) DEFAULT NULL,
  `status_delivery` enum('0','1','2','3','4','5') CHARACTER SET utf8mb4 COLLATE utf8mb4_0900_ai_ci NOT NULL DEFAULT '0',
  `status_payment` tinyint(1) NOT NULL DEFAULT '0',
  `created_at` timestamp NULL DEFAULT CURRENT_TIMESTAMP,
  `updated_at` timestamp NULL DEFAULT CURRENT_TIMESTAMP
) ENGINE=InnoDB DEFAULT CHARSET=utf8mb4 COLLATE=utf8mb4_0900_ai_ci;

--
-- Dumping data for table `orders`
--

INSERT INTO `orders` (`id`, `user_id`, `user_name`, `user_email`, `user_phone`, `user_address`, `shipping_name`, `shipping_email`, `shipping_phone`, `shipping_address`, `status_delivery`, `status_payment`, `created_at`, `updated_at`) VALUES
(1, 95, 'Nguyễn Văn A', 'a91@gmail.com', '', '', NULL, NULL, NULL, NULL, '0', 0, '2024-06-10 03:51:37', '2024-06-10 03:51:37'),
(2, 95, 'Nguyễn Văn A', 'a91@gmail.com', '', '', NULL, NULL, NULL, NULL, '0', 0, '2024-06-10 03:56:13', '2024-06-10 03:56:13');

-- --------------------------------------------------------

--
-- Table structure for table `order_details`
--

CREATE TABLE `order_details` (
  `id` int NOT NULL,
  `order_id` int NOT NULL,
  `product_id` int NOT NULL,
  `quantity` int NOT NULL,
  `price_regular` int NOT NULL,
  `price_sale` int NOT NULL
) ENGINE=InnoDB DEFAULT CHARSET=utf8mb4 COLLATE=utf8mb4_0900_ai_ci;

--
-- Dumping data for table `order_details`
--

INSERT INTO `order_details` (`id`, `order_id`, `product_id`, `quantity`, `price_regular`, `price_sale`) VALUES
(1, 1, 7, 1, 10000000, 8500000),
(2, 2, 3, 1, 10000000, 8500000);

-- --------------------------------------------------------

--
-- Table structure for table `products`
--

CREATE TABLE `products` (
  `id` int NOT NULL,
  `category_id` int NOT NULL,
  `name` varchar(255) NOT NULL,
  `img_thumbnail` varchar(255) DEFAULT NULL,
  `price_regular` int NOT NULL,
  `price_sale` int DEFAULT NULL,
  `overview` varchar(255) DEFAULT NULL,
  `content` text,
  `created_at` timestamp NULL DEFAULT CURRENT_TIMESTAMP,
  `updated_at` timestamp NULL DEFAULT CURRENT_TIMESTAMP
) ENGINE=InnoDB DEFAULT CHARSET=utf8mb4 COLLATE=utf8mb4_0900_ai_ci;

--
-- Dumping data for table `products`
--

INSERT INTO `products` (`id`, `category_id`, `name`, `img_thumbnail`, `price_regular`, `price_sale`, `overview`, `content`, `created_at`, `updated_at`) VALUES
(1, 1, 'Xiaomi K30', 'assets/uploads/1718066093tải xuống (10).jpg', 4500000, 8500000, 'Lorem ipsum dolor sit amet, consectetur adipiscing elit, sed do eiusmod tempor incididunt ut labore et dolore magna aliqua. Ut enim ad minim veniam, quis nostrud exercitation ullamco laboris nisi ut aliquip ex ea commodo consequat.', '<div class=\"gr\">\r\n    <figure class=\"g12-xs g3-md page-section__image\">\r\n      <img src=\"https://loremipsum.io/assets/images/lorem-ipsum-magazine-layout.jpg\" alt=\"Lorem ipsum used in a magazine layout\">\r\n      <figcaption>\r\n        <div class=\"page-section__squiggle\">\r\n          <div class=\"page-section__squiggle-one\"></div>\r\n          <div class=\"page-section__squiggle-two\"></div>\r\n        </div>\r\n        <h4 class=\"f5 cl-gray-1 page-section__caption\">Magazine layout with lorem ipsum</h4>\r\n      </figcaption>\r\n    </figure>\r\n    <div class=\"g12-xs g9-md g6-xl page-section__block\">\r\n      <h3 class=\"f5 cl-orange mb16\">History, Purpose and Usage</h3>\r\n      <p class=\"f4 cl-white mt0 mb16\"><em>Lorem ipsum</em>, or <em>lipsum</em> as it is sometimes known, is dummy text used in laying out print, graphic or web designs. The passage is attributed to an unknown typesetter in the 15th century who is thought to have scrambled parts of Cicero\'s <em>De Finibus Bonorum et Malorum</em> for use in a type specimen book. It usually begins with:\r\n</p>\r\n      <blockquote class=\"page-section__blockquote\">“Lorem ipsum dolor sit amet, consectetur adipiscing elit, sed do eiusmod tempor incididunt ut labore et dolore magna aliqua.”</blockquote>\r\n      <p class=\"f4 cl-white mv16\">The purpose of <em>lorem ipsum</em> is to create a natural looking block of text (sentence, paragraph, page, etc.) that doesn\'t distract from the layout. A practice not without <a href=\"#controversy\" title=\"Controversy in the Design World\">controversy</a>, laying out pages with meaningless filler text can be very useful when the focus is meant to be on design, not content.\r\n</p>\r\n      <p class=\"f4 cl-white mv16\">The passage experienced a surge in popularity during the 1960s when Letraset used it on their dry-transfer sheets, and again during the 90s as desktop publishers bundled the text with their software. Today it\'s seen all around the web; on templates, websites, and stock designs. Use our <a href=\"#generator\" title=\"Lorem Ipsum Generator\">generator</a> to get your own, or read on for the authoritative history of <em>lorem ipsum</em>.\r\n</p>\r\n    </div>\r\n    <div class=\"g12-xs g3-xl page-display s-half-page\">\r\n      <div class=\"page-display__block\">\r\n\r\n        <div align=\"center\" data-freestar-ad=\"__300x600\" id=\"loremipsum_siderail_right_2\" name=\"loremipsum_siderail_right_2\" data-google-query-id=\"\">\r\n          <script data-cfasync=\"false\" type=\"text/javascript\">\r\n            freestar.config.enabled_slots.push({ placementName: \"loremipsum_siderail_right_2\", slotId: \"loremipsum_siderail_right_2\" });\r\n          </script>\r\n        <div id=\"google_ads_iframe_/15184186,22580084566/loremipsum_siderail_right_2_0__container__\" style=\"border: 0pt none; width: 300px; height: 0px;\"></div></div>\r\n      </div>\r\n    </div>\r\n  </div>', '2024-05-31 02:41:03', '2024-06-10 17:34:53'),
(2, 1, 'Xiaomi K54', 'assets/uploads/1718065835tải xuống (12).jpg', 7950000, NULL, 'Lorem ipsum dolor sit amet, consectetur adipiscing elit, sed do eiusmod tempor incididunt ut labore et dolore magna aliqua. Ut enim ad minim veniam, quis nostrud exercitation ullamco laboris nisi ut aliquip ex ea commodo consequat.', '<div class=\"gr\">\r\n    <figure class=\"g12-xs g3-md page-section__image\">\r\n      <img src=\"https://loremipsum.io/assets/images/lorem-ipsum-magazine-layout.jpg\" alt=\"Lorem ipsum used in a magazine layout\">\r\n      <figcaption>\r\n        <div class=\"page-section__squiggle\">\r\n          <div class=\"page-section__squiggle-one\"></div>\r\n          <div class=\"page-section__squiggle-two\"></div>\r\n        </div>\r\n        <h4 class=\"f5 cl-gray-1 page-section__caption\">Magazine layout with lorem ipsum</h4>\r\n      </figcaption>\r\n    </figure>\r\n    <div class=\"g12-xs g9-md g6-xl page-section__block\">\r\n      <h3 class=\"f5 cl-orange mb16\">History, Purpose and Usage</h3>\r\n      <p class=\"f4 cl-white mt0 mb16\"><em>Lorem ipsum</em>, or <em>lipsum</em> as it is sometimes known, is dummy text used in laying out print, graphic or web designs. The passage is attributed to an unknown typesetter in the 15th century who is thought to have scrambled parts of Cicero\'s <em>De Finibus Bonorum et Malorum</em> for use in a type specimen book. It usually begins with:\r\n</p>\r\n      <blockquote class=\"page-section__blockquote\">“Lorem ipsum dolor sit amet, consectetur adipiscing elit, sed do eiusmod tempor incididunt ut labore et dolore magna aliqua.”</blockquote>\r\n      <p class=\"f4 cl-white mv16\">The purpose of <em>lorem ipsum</em> is to create a natural looking block of text (sentence, paragraph, page, etc.) that doesn\'t distract from the layout. A practice not without <a href=\"#controversy\" title=\"Controversy in the Design World\">controversy</a>, laying out pages with meaningless filler text can be very useful when the focus is meant to be on design, not content.\r\n</p>\r\n      <p class=\"f4 cl-white mv16\">The passage experienced a surge in popularity during the 1960s when Letraset used it on their dry-transfer sheets, and again during the 90s as desktop publishers bundled the text with their software. Today it\'s seen all around the web; on templates, websites, and stock designs. Use our <a href=\"#generator\" title=\"Lorem Ipsum Generator\">generator</a> to get your own, or read on for the authoritative history of <em>lorem ipsum</em>.\r\n</p>\r\n    </div>\r\n    <div class=\"g12-xs g3-xl page-display s-half-page\">\r\n      <div class=\"page-display__block\">\r\n\r\n        <div align=\"center\" data-freestar-ad=\"__300x600\" id=\"loremipsum_siderail_right_2\" name=\"loremipsum_siderail_right_2\" data-google-query-id=\"\">\r\n          <script data-cfasync=\"false\" type=\"text/javascript\">\r\n            freestar.config.enabled_slots.push({ placementName: \"loremipsum_siderail_right_2\", slotId: \"loremipsum_siderail_right_2\" });\r\n          </script>\r\n        <div id=\"google_ads_iframe_/15184186,22580084566/loremipsum_siderail_right_2_0__container__\" style=\"border: 0pt none; width: 300px; height: 0px;\"></div></div>\r\n      </div>\r\n    </div>\r\n  </div>', '2024-05-31 02:43:48', '2024-06-10 17:30:35'),
(3, 1, 'Xiaomi 8PRO', 'assets/uploads/1718065966tải xuống (13).jpg', 9500000, 8500000, 'Lorem ipsum dolor sit amet, consectetur adipiscing elit, sed do eiusmod tempor incididunt ut labore et dolore magna aliqua. Ut enim ad minim veniam, quis nostrud exercitation ullamco laboris nisi ut aliquip ex ea commodo consequat.', '<div class=\"gr\">\r\n    <figure class=\"g12-xs g3-md page-section__image\">\r\n      <img src=\"https://loremipsum.io/assets/images/lorem-ipsum-magazine-layout.jpg\" alt=\"Lorem ipsum used in a magazine layout\">\r\n      <figcaption>\r\n        <div class=\"page-section__squiggle\">\r\n          <div class=\"page-section__squiggle-one\"></div>\r\n          <div class=\"page-section__squiggle-two\"></div>\r\n        </div>\r\n        <h4 class=\"f5 cl-gray-1 page-section__caption\">Magazine layout with lorem ipsum</h4>\r\n      </figcaption>\r\n    </figure>\r\n    <div class=\"g12-xs g9-md g6-xl page-section__block\">\r\n      <h3 class=\"f5 cl-orange mb16\">History, Purpose and Usage</h3>\r\n      <p class=\"f4 cl-white mt0 mb16\"><em>Lorem ipsum</em>, or <em>lipsum</em> as it is sometimes known, is dummy text used in laying out print, graphic or web designs. The passage is attributed to an unknown typesetter in the 15th century who is thought to have scrambled parts of Cicero\'s <em>De Finibus Bonorum et Malorum</em> for use in a type specimen book. It usually begins with:\r\n</p>\r\n      <blockquote class=\"page-section__blockquote\">“Lorem ipsum dolor sit amet, consectetur adipiscing elit, sed do eiusmod tempor incididunt ut labore et dolore magna aliqua.”</blockquote>\r\n      <p class=\"f4 cl-white mv16\">The purpose of <em>lorem ipsum</em> is to create a natural looking block of text (sentence, paragraph, page, etc.) that doesn\'t distract from the layout. A practice not without <a href=\"#controversy\" title=\"Controversy in the Design World\">controversy</a>, laying out pages with meaningless filler text can be very useful when the focus is meant to be on design, not content.\r\n</p>\r\n      <p class=\"f4 cl-white mv16\">The passage experienced a surge in popularity during the 1960s when Letraset used it on their dry-transfer sheets, and again during the 90s as desktop publishers bundled the text with their software. Today it\'s seen all around the web; on templates, websites, and stock designs. Use our <a href=\"#generator\" title=\"Lorem Ipsum Generator\">generator</a> to get your own, or read on for the authoritative history of <em>lorem ipsum</em>.\r\n</p>\r\n    </div>\r\n    <div class=\"g12-xs g3-xl page-display s-half-page\">\r\n      <div class=\"page-display__block\">\r\n\r\n        <div align=\"center\" data-freestar-ad=\"__300x600\" id=\"loremipsum_siderail_right_2\" name=\"loremipsum_siderail_right_2\" data-google-query-id=\"\">\r\n          <script data-cfasync=\"false\" type=\"text/javascript\">\r\n            freestar.config.enabled_slots.push({ placementName: \"loremipsum_siderail_right_2\", slotId: \"loremipsum_siderail_right_2\" });\r\n          </script>\r\n        <div id=\"google_ads_iframe_/15184186,22580084566/loremipsum_siderail_right_2_0__container__\" style=\"border: 0pt none; width: 300px; height: 0px;\"></div></div>\r\n      </div>\r\n    </div>\r\n  </div>', '2024-05-31 02:43:48', '2024-06-10 17:32:46'),
(4, 2, 'ASUS ZENBOOK', 'assets/uploads/1718066418tx16.jpg', 21790000, NULL, 'Lorem ipsum dolor sit amet, consectetur adipiscing elit, sed do eiusmod tempor incididunt ut labore et dolore magna aliqua. Ut enim ad minim veniam, quis nostrud exercitation ullamco laboris nisi ut aliquip ex ea commodo consequat.', '<div class=\"gr\">\r\n    <figure class=\"g12-xs g3-md page-section__image\">\r\n      <img src=\"https://loremipsum.io/assets/images/lorem-ipsum-magazine-layout.jpg\" alt=\"Lorem ipsum used in a magazine layout\">\r\n      <figcaption>\r\n        <div class=\"page-section__squiggle\">\r\n          <div class=\"page-section__squiggle-one\"></div>\r\n          <div class=\"page-section__squiggle-two\"></div>\r\n        </div>\r\n        <h4 class=\"f5 cl-gray-1 page-section__caption\">Magazine layout with lorem ipsum</h4>\r\n      </figcaption>\r\n    </figure>\r\n    <div class=\"g12-xs g9-md g6-xl page-section__block\">\r\n      <h3 class=\"f5 cl-orange mb16\">History, Purpose and Usage</h3>\r\n      <p class=\"f4 cl-white mt0 mb16\"><em>Lorem ipsum</em>, or <em>lipsum</em> as it is sometimes known, is dummy text used in laying out print, graphic or web designs. The passage is attributed to an unknown typesetter in the 15th century who is thought to have scrambled parts of Cicero\'s <em>De Finibus Bonorum et Malorum</em> for use in a type specimen book. It usually begins with:\r\n</p>\r\n      <blockquote class=\"page-section__blockquote\">“Lorem ipsum dolor sit amet, consectetur adipiscing elit, sed do eiusmod tempor incididunt ut labore et dolore magna aliqua.”</blockquote>\r\n      <p class=\"f4 cl-white mv16\">The purpose of <em>lorem ipsum</em> is to create a natural looking block of text (sentence, paragraph, page, etc.) that doesn\'t distract from the layout. A practice not without <a href=\"#controversy\" title=\"Controversy in the Design World\">controversy</a>, laying out pages with meaningless filler text can be very useful when the focus is meant to be on design, not content.\r\n</p>\r\n      <p class=\"f4 cl-white mv16\">The passage experienced a surge in popularity during the 1960s when Letraset used it on their dry-transfer sheets, and again during the 90s as desktop publishers bundled the text with their software. Today it\'s seen all around the web; on templates, websites, and stock designs. Use our <a href=\"#generator\" title=\"Lorem Ipsum Generator\">generator</a> to get your own, or read on for the authoritative history of <em>lorem ipsum</em>.\r\n</p>\r\n    </div>\r\n    <div class=\"g12-xs g3-xl page-display s-half-page\">\r\n      <div class=\"page-display__block\">\r\n\r\n        <div align=\"center\" data-freestar-ad=\"__300x600\" id=\"loremipsum_siderail_right_2\" name=\"loremipsum_siderail_right_2\" data-google-query-id=\"\">\r\n          <script data-cfasync=\"false\" type=\"text/javascript\">\r\n            freestar.config.enabled_slots.push({ placementName: \"loremipsum_siderail_right_2\", slotId: \"loremipsum_siderail_right_2\" });\r\n          </script>\r\n        <div id=\"google_ads_iframe_/15184186,22580084566/loremipsum_siderail_right_2_0__container__\" style=\"border: 0pt none; width: 300px; height: 0px;\"></div></div>\r\n      </div>\r\n    </div>\r\n  </div>', '2024-05-31 02:43:48', '2024-06-10 17:40:18'),
(5, 1, 'IPHONE 12', 'assets/uploads/1718065760tải xuống (11).jpg', 20400000, 8500000, 'Lorem ipsum dolor sit amet, consectetur adipiscing elit, sed do eiusmod tempor incididunt ut labore et dolore magna aliqua. Ut enim ad minim veniam, quis nostrud exercitation ullamco laboris nisi ut aliquip ex ea commodo consequat.', '<div class=\"gr\">\r\n    <figure class=\"g12-xs g3-md page-section__image\">\r\n      <img src=\"https://loremipsum.io/assets/images/lorem-ipsum-magazine-layout.jpg\" alt=\"Lorem ipsum used in a magazine layout\">\r\n      <figcaption>\r\n        <div class=\"page-section__squiggle\">\r\n          <div class=\"page-section__squiggle-one\"></div>\r\n          <div class=\"page-section__squiggle-two\"></div>\r\n        </div>\r\n        <h4 class=\"f5 cl-gray-1 page-section__caption\">Magazine layout with lorem ipsum</h4>\r\n      </figcaption>\r\n    </figure>\r\n    <div class=\"g12-xs g9-md g6-xl page-section__block\">\r\n      <h3 class=\"f5 cl-orange mb16\">History, Purpose and Usage</h3>\r\n      <p class=\"f4 cl-white mt0 mb16\"><em>Lorem ipsum</em>, or <em>lipsum</em> as it is sometimes known, is dummy text used in laying out print, graphic or web designs. The passage is attributed to an unknown typesetter in the 15th century who is thought to have scrambled parts of Cicero\'s <em>De Finibus Bonorum et Malorum</em> for use in a type specimen book. It usually begins with:\r\n</p>\r\n      <blockquote class=\"page-section__blockquote\">“Lorem ipsum dolor sit amet, consectetur adipiscing elit, sed do eiusmod tempor incididunt ut labore et dolore magna aliqua.”</blockquote>\r\n      <p class=\"f4 cl-white mv16\">The purpose of <em>lorem ipsum</em> is to create a natural looking block of text (sentence, paragraph, page, etc.) that doesn\'t distract from the layout. A practice not without <a href=\"#controversy\" title=\"Controversy in the Design World\">controversy</a>, laying out pages with meaningless filler text can be very useful when the focus is meant to be on design, not content.\r\n</p>\r\n      <p class=\"f4 cl-white mv16\">The passage experienced a surge in popularity during the 1960s when Letraset used it on their dry-transfer sheets, and again during the 90s as desktop publishers bundled the text with their software. Today it\'s seen all around the web; on templates, websites, and stock designs. Use our <a href=\"#generator\" title=\"Lorem Ipsum Generator\">generator</a> to get your own, or read on for the authoritative history of <em>lorem ipsum</em>.\r\n</p>\r\n    </div>\r\n    <div class=\"g12-xs g3-xl page-display s-half-page\">\r\n      <div class=\"page-display__block\">\r\n\r\n        <div align=\"center\" data-freestar-ad=\"__300x600\" id=\"loremipsum_siderail_right_2\" name=\"loremipsum_siderail_right_2\" data-google-query-id=\"\">\r\n          <script data-cfasync=\"false\" type=\"text/javascript\">\r\n            freestar.config.enabled_slots.push({ placementName: \"loremipsum_siderail_right_2\", slotId: \"loremipsum_siderail_right_2\" });\r\n          </script>\r\n        <div id=\"google_ads_iframe_/15184186,22580084566/loremipsum_siderail_right_2_0__container__\" style=\"border: 0pt none; width: 300px; height: 0px;\"></div></div>\r\n      </div>\r\n    </div>\r\n  </div>', '2024-05-31 02:43:48', '2024-06-10 17:29:20'),
(6, 2, 'ASUS TUF GAMING', 'assets/uploads/1718066626tx17.jpg', 20690000, NULL, 'Lorem ipsum dolor sit amet, consectetur adipiscing elit, sed do eiusmod tempor incididunt ut labore et dolore magna aliqua. Ut enim ad minim veniam, quis nostrud exercitation ullamco laboris nisi ut aliquip ex ea commodo consequat.', '<div class=\"gr\">\r\n    <figure class=\"g12-xs g3-md page-section__image\">\r\n      <img src=\"https://loremipsum.io/assets/images/lorem-ipsum-magazine-layout.jpg\" alt=\"Lorem ipsum used in a magazine layout\">\r\n      <figcaption>\r\n        <div class=\"page-section__squiggle\">\r\n          <div class=\"page-section__squiggle-one\"></div>\r\n          <div class=\"page-section__squiggle-two\"></div>\r\n        </div>\r\n        <h4 class=\"f5 cl-gray-1 page-section__caption\">Magazine layout with lorem ipsum</h4>\r\n      </figcaption>\r\n    </figure>\r\n    <div class=\"g12-xs g9-md g6-xl page-section__block\">\r\n      <h3 class=\"f5 cl-orange mb16\">History, Purpose and Usage</h3>\r\n      <p class=\"f4 cl-white mt0 mb16\"><em>Lorem ipsum</em>, or <em>lipsum</em> as it is sometimes known, is dummy text used in laying out print, graphic or web designs. The passage is attributed to an unknown typesetter in the 15th century who is thought to have scrambled parts of Cicero\'s <em>De Finibus Bonorum et Malorum</em> for use in a type specimen book. It usually begins with:\r\n</p>\r\n      <blockquote class=\"page-section__blockquote\">“Lorem ipsum dolor sit amet, consectetur adipiscing elit, sed do eiusmod tempor incididunt ut labore et dolore magna aliqua.”</blockquote>\r\n      <p class=\"f4 cl-white mv16\">The purpose of <em>lorem ipsum</em> is to create a natural looking block of text (sentence, paragraph, page, etc.) that doesn\'t distract from the layout. A practice not without <a href=\"#controversy\" title=\"Controversy in the Design World\">controversy</a>, laying out pages with meaningless filler text can be very useful when the focus is meant to be on design, not content.\r\n</p>\r\n      <p class=\"f4 cl-white mv16\">The passage experienced a surge in popularity during the 1960s when Letraset used it on their dry-transfer sheets, and again during the 90s as desktop publishers bundled the text with their software. Today it\'s seen all around the web; on templates, websites, and stock designs. Use our <a href=\"#generator\" title=\"Lorem Ipsum Generator\">generator</a> to get your own, or read on for the authoritative history of <em>lorem ipsum</em>.\r\n</p>\r\n    </div>\r\n    <div class=\"g12-xs g3-xl page-display s-half-page\">\r\n      <div class=\"page-display__block\">\r\n\r\n        <div align=\"center\" data-freestar-ad=\"__300x600\" id=\"loremipsum_siderail_right_2\" name=\"loremipsum_siderail_right_2\" data-google-query-id=\"\">\r\n          <script data-cfasync=\"false\" type=\"text/javascript\">\r\n            freestar.config.enabled_slots.push({ placementName: \"loremipsum_siderail_right_2\", slotId: \"loremipsum_siderail_right_2\" });\r\n          </script>\r\n        <div id=\"google_ads_iframe_/15184186,22580084566/loremipsum_siderail_right_2_0__container__\" style=\"border: 0pt none; width: 300px; height: 0px;\"></div></div>\r\n      </div>\r\n    </div>\r\n  </div>', '2024-05-31 02:43:48', '2024-06-10 17:43:46'),
(7, 1, 'IPHONE 13', 'assets/uploads/1717991440iphone12.jpg', 10000000, 8500000, 'Lorem ipsum dolor sit amet, consectetur adipiscing elit, sed do eiusmod tempor incididunt ut labore et dolore magna aliqua. Ut enim ad minim veniam, quis nostrud exercitation ullamco laboris nisi ut aliquip ex ea commodo consequat.', '<div class=\"gr\">\r\n    <figure class=\"g12-xs g3-md page-section__image\">\r\n      <img src=\"https://loremipsum.io/assets/images/lorem-ipsum-magazine-layout.jpg\" alt=\"Lorem ipsum used in a magazine layout\">\r\n      <figcaption>\r\n        <div class=\"page-section__squiggle\">\r\n          <div class=\"page-section__squiggle-one\"></div>\r\n          <div class=\"page-section__squiggle-two\"></div>\r\n        </div>\r\n        <h4 class=\"f5 cl-gray-1 page-section__caption\">Magazine layout with lorem ipsum</h4>\r\n      </figcaption>\r\n    </figure>\r\n    <div class=\"g12-xs g9-md g6-xl page-section__block\">\r\n      <h3 class=\"f5 cl-orange mb16\">History, Purpose and Usage</h3>\r\n      <p class=\"f4 cl-white mt0 mb16\"><em>Lorem ipsum</em>, or <em>lipsum</em> as it is sometimes known, is dummy text used in laying out print, graphic or web designs. The passage is attributed to an unknown typesetter in the 15th century who is thought to have scrambled parts of Cicero\'s <em>De Finibus Bonorum et Malorum</em> for use in a type specimen book. It usually begins with:\r\n</p>\r\n      <blockquote class=\"page-section__blockquote\">“Lorem ipsum dolor sit amet, consectetur adipiscing elit, sed do eiusmod tempor incididunt ut labore et dolore magna aliqua.”</blockquote>\r\n      <p class=\"f4 cl-white mv16\">The purpose of <em>lorem ipsum</em> is to create a natural looking block of text (sentence, paragraph, page, etc.) that doesn\'t distract from the layout. A practice not without <a href=\"#controversy\" title=\"Controversy in the Design World\">controversy</a>, laying out pages with meaningless filler text can be very useful when the focus is meant to be on design, not content.\r\n</p>\r\n      <p class=\"f4 cl-white mv16\">The passage experienced a surge in popularity during the 1960s when Letraset used it on their dry-transfer sheets, and again during the 90s as desktop publishers bundled the text with their software. Today it\'s seen all around the web; on templates, websites, and stock designs. Use our <a href=\"#generator\" title=\"Lorem Ipsum Generator\">generator</a> to get your own, or read on for the authoritative history of <em>lorem ipsum</em>.\r\n</p>\r\n    </div>\r\n    <div class=\"g12-xs g3-xl page-display s-half-page\">\r\n      <div class=\"page-display__block\">\r\n\r\n        <div align=\"center\" data-freestar-ad=\"__300x600\" id=\"loremipsum_siderail_right_2\" name=\"loremipsum_siderail_right_2\" data-google-query-id=\"\">\r\n          <script data-cfasync=\"false\" type=\"text/javascript\">\r\n            freestar.config.enabled_slots.push({ placementName: \"loremipsum_siderail_right_2\", slotId: \"loremipsum_siderail_right_2\" });\r\n          </script>\r\n        <div id=\"google_ads_iframe_/15184186,22580084566/loremipsum_siderail_right_2_0__container__\" style=\"border: 0pt none; width: 300px; height: 0px;\"></div></div>\r\n      </div>\r\n    </div>\r\n  </div>', '2024-05-31 02:43:48', '2024-06-09 20:50:40'),
(8, 1, 'IPHONE 14', 'assets/uploads/1718066017tải xuống (14).jpg', 26990000, NULL, 'Lorem ipsum dolor sit amet, consectetur adipiscing elit, sed do eiusmod tempor incididunt ut labore et dolore magna aliqua. Ut enim ad minim veniam, quis nostrud exercitation ullamco laboris nisi ut aliquip ex ea commodo consequat.', '<div class=\"gr\">\r\n    <figure class=\"g12-xs g3-md page-section__image\">\r\n      <img src=\"https://loremipsum.io/assets/images/lorem-ipsum-magazine-layout.jpg\" alt=\"Lorem ipsum used in a magazine layout\">\r\n      <figcaption>\r\n        <div class=\"page-section__squiggle\">\r\n          <div class=\"page-section__squiggle-one\"></div>\r\n          <div class=\"page-section__squiggle-two\"></div>\r\n        </div>\r\n        <h4 class=\"f5 cl-gray-1 page-section__caption\">Magazine layout with lorem ipsum</h4>\r\n      </figcaption>\r\n    </figure>\r\n    <div class=\"g12-xs g9-md g6-xl page-section__block\">\r\n      <h3 class=\"f5 cl-orange mb16\">History, Purpose and Usage</h3>\r\n      <p class=\"f4 cl-white mt0 mb16\"><em>Lorem ipsum</em>, or <em>lipsum</em> as it is sometimes known, is dummy text used in laying out print, graphic or web designs. The passage is attributed to an unknown typesetter in the 15th century who is thought to have scrambled parts of Cicero\'s <em>De Finibus Bonorum et Malorum</em> for use in a type specimen book. It usually begins with:\r\n</p>\r\n      <blockquote class=\"page-section__blockquote\">“Lorem ipsum dolor sit amet, consectetur adipiscing elit, sed do eiusmod tempor incididunt ut labore et dolore magna aliqua.”</blockquote>\r\n      <p class=\"f4 cl-white mv16\">The purpose of <em>lorem ipsum</em> is to create a natural looking block of text (sentence, paragraph, page, etc.) that doesn\'t distract from the layout. A practice not without <a href=\"#controversy\" title=\"Controversy in the Design World\">controversy</a>, laying out pages with meaningless filler text can be very useful when the focus is meant to be on design, not content.\r\n</p>\r\n      <p class=\"f4 cl-white mv16\">The passage experienced a surge in popularity during the 1960s when Letraset used it on their dry-transfer sheets, and again during the 90s as desktop publishers bundled the text with their software. Today it\'s seen all around the web; on templates, websites, and stock designs. Use our <a href=\"#generator\" title=\"Lorem Ipsum Generator\">generator</a> to get your own, or read on for the authoritative history of <em>lorem ipsum</em>.\r\n</p>\r\n    </div>\r\n    <div class=\"g12-xs g3-xl page-display s-half-page\">\r\n      <div class=\"page-display__block\">\r\n\r\n        <div align=\"center\" data-freestar-ad=\"__300x600\" id=\"loremipsum_siderail_right_2\" name=\"loremipsum_siderail_right_2\" data-google-query-id=\"\">\r\n          <script data-cfasync=\"false\" type=\"text/javascript\">\r\n            freestar.config.enabled_slots.push({ placementName: \"loremipsum_siderail_right_2\", slotId: \"loremipsum_siderail_right_2\" });\r\n          </script>\r\n        <div id=\"google_ads_iframe_/15184186,22580084566/loremipsum_siderail_right_2_0__container__\" style=\"border: 0pt none; width: 300px; height: 0px;\"></div></div>\r\n      </div>\r\n    </div>\r\n  </div>', '2024-05-31 02:43:48', '2024-06-10 17:33:37'),
(9, 2, 'ASUS VIVOBOOK PRO', 'assets/uploads/1718066770tx18.jpg', 20290000, 8500000, 'Lorem ipsum dolor sit amet, consectetur adipiscing elit, sed do eiusmod tempor incididunt ut labore et dolore magna aliqua. Ut enim ad minim veniam, quis nostrud exercitation ullamco laboris nisi ut aliquip ex ea commodo consequat.', '<div class=\"gr\">\r\n    <figure class=\"g12-xs g3-md page-section__image\">\r\n      <img src=\"https://loremipsum.io/assets/images/lorem-ipsum-magazine-layout.jpg\" alt=\"Lorem ipsum used in a magazine layout\">\r\n      <figcaption>\r\n        <div class=\"page-section__squiggle\">\r\n          <div class=\"page-section__squiggle-one\"></div>\r\n          <div class=\"page-section__squiggle-two\"></div>\r\n        </div>\r\n        <h4 class=\"f5 cl-gray-1 page-section__caption\">Magazine layout with lorem ipsum</h4>\r\n      </figcaption>\r\n    </figure>\r\n    <div class=\"g12-xs g9-md g6-xl page-section__block\">\r\n      <h3 class=\"f5 cl-orange mb16\">History, Purpose and Usage</h3>\r\n      <p class=\"f4 cl-white mt0 mb16\"><em>Lorem ipsum</em>, or <em>lipsum</em> as it is sometimes known, is dummy text used in laying out print, graphic or web designs. The passage is attributed to an unknown typesetter in the 15th century who is thought to have scrambled parts of Cicero\'s <em>De Finibus Bonorum et Malorum</em> for use in a type specimen book. It usually begins with:\r\n</p>\r\n      <blockquote class=\"page-section__blockquote\">“Lorem ipsum dolor sit amet, consectetur adipiscing elit, sed do eiusmod tempor incididunt ut labore et dolore magna aliqua.”</blockquote>\r\n      <p class=\"f4 cl-white mv16\">The purpose of <em>lorem ipsum</em> is to create a natural looking block of text (sentence, paragraph, page, etc.) that doesn\'t distract from the layout. A practice not without <a href=\"#controversy\" title=\"Controversy in the Design World\">controversy</a>, laying out pages with meaningless filler text can be very useful when the focus is meant to be on design, not content.\r\n</p>\r\n      <p class=\"f4 cl-white mv16\">The passage experienced a surge in popularity during the 1960s when Letraset used it on their dry-transfer sheets, and again during the 90s as desktop publishers bundled the text with their software. Today it\'s seen all around the web; on templates, websites, and stock designs. Use our <a href=\"#generator\" title=\"Lorem Ipsum Generator\">generator</a> to get your own, or read on for the authoritative history of <em>lorem ipsum</em>.\r\n</p>\r\n    </div>\r\n    <div class=\"g12-xs g3-xl page-display s-half-page\">\r\n      <div class=\"page-display__block\">\r\n\r\n        <div align=\"center\" data-freestar-ad=\"__300x600\" id=\"loremipsum_siderail_right_2\" name=\"loremipsum_siderail_right_2\" data-google-query-id=\"\">\r\n          <script data-cfasync=\"false\" type=\"text/javascript\">\r\n            freestar.config.enabled_slots.push({ placementName: \"loremipsum_siderail_right_2\", slotId: \"loremipsum_siderail_right_2\" });\r\n          </script>\r\n        <div id=\"google_ads_iframe_/15184186,22580084566/loremipsum_siderail_right_2_0__container__\" style=\"border: 0pt none; width: 300px; height: 0px;\"></div></div>\r\n      </div>\r\n    </div>\r\n  </div>', '2024-05-31 02:43:48', '2024-06-10 17:46:10'),
(10, 1, 'IPHONE 15', 'assets/uploads/1718066147tải xuống (15).jpg', 29390000, NULL, 'Lorem ipsum dolor sit amet, consectetur adipiscing elit, sed do eiusmod tempor incididunt ut labore et dolore magna aliqua. Ut enim ad minim veniam, quis nostrud exercitation ullamco laboris nisi ut aliquip ex ea commodo consequat.', '<div class=\"gr\">\r\n    <figure class=\"g12-xs g3-md page-section__image\">\r\n      <img src=\"https://loremipsum.io/assets/images/lorem-ipsum-magazine-layout.jpg\" alt=\"Lorem ipsum used in a magazine layout\">\r\n      <figcaption>\r\n        <div class=\"page-section__squiggle\">\r\n          <div class=\"page-section__squiggle-one\"></div>\r\n          <div class=\"page-section__squiggle-two\"></div>\r\n        </div>\r\n        <h4 class=\"f5 cl-gray-1 page-section__caption\">Magazine layout with lorem ipsum</h4>\r\n      </figcaption>\r\n    </figure>\r\n    <div class=\"g12-xs g9-md g6-xl page-section__block\">\r\n      <h3 class=\"f5 cl-orange mb16\">History, Purpose and Usage</h3>\r\n      <p class=\"f4 cl-white mt0 mb16\"><em>Lorem ipsum</em>, or <em>lipsum</em> as it is sometimes known, is dummy text used in laying out print, graphic or web designs. The passage is attributed to an unknown typesetter in the 15th century who is thought to have scrambled parts of Cicero\'s <em>De Finibus Bonorum et Malorum</em> for use in a type specimen book. It usually begins with:\r\n</p>\r\n      <blockquote class=\"page-section__blockquote\">“Lorem ipsum dolor sit amet, consectetur adipiscing elit, sed do eiusmod tempor incididunt ut labore et dolore magna aliqua.”</blockquote>\r\n      <p class=\"f4 cl-white mv16\">The purpose of <em>lorem ipsum</em> is to create a natural looking block of text (sentence, paragraph, page, etc.) that doesn\'t distract from the layout. A practice not without <a href=\"#controversy\" title=\"Controversy in the Design World\">controversy</a>, laying out pages with meaningless filler text can be very useful when the focus is meant to be on design, not content.\r\n</p>\r\n      <p class=\"f4 cl-white mv16\">The passage experienced a surge in popularity during the 1960s when Letraset used it on their dry-transfer sheets, and again during the 90s as desktop publishers bundled the text with their software. Today it\'s seen all around the web; on templates, websites, and stock designs. Use our <a href=\"#generator\" title=\"Lorem Ipsum Generator\">generator</a> to get your own, or read on for the authoritative history of <em>lorem ipsum</em>.\r\n</p>\r\n    </div>\r\n    <div class=\"g12-xs g3-xl page-display s-half-page\">\r\n      <div class=\"page-display__block\">\r\n\r\n        <div align=\"center\" data-freestar-ad=\"__300x600\" id=\"loremipsum_siderail_right_2\" name=\"loremipsum_siderail_right_2\" data-google-query-id=\"\">\r\n          <script data-cfasync=\"false\" type=\"text/javascript\">\r\n            freestar.config.enabled_slots.push({ placementName: \"loremipsum_siderail_right_2\", slotId: \"loremipsum_siderail_right_2\" });\r\n          </script>\r\n        <div id=\"google_ads_iframe_/15184186,22580084566/loremipsum_siderail_right_2_0__container__\" style=\"border: 0pt none; width: 300px; height: 0px;\"></div></div>\r\n      </div>\r\n    </div>\r\n  </div>', '2024-05-31 02:43:48', '2024-06-10 17:35:47'),
(11, 2, 'ACER GAMING ASPIRE', 'assets/uploads/1718066893tx19.jpg', 18990000, 8500000, 'Lorem ipsum dolor sit amet, consectetur adipiscing elit, sed do eiusmod tempor incididunt ut labore et dolore magna aliqua. Ut enim ad minim veniam, quis nostrud exercitation ullamco laboris nisi ut aliquip ex ea commodo consequat.', '<div class=\"gr\">\r\n    <figure class=\"g12-xs g3-md page-section__image\">\r\n      <img src=\"https://loremipsum.io/assets/images/lorem-ipsum-magazine-layout.jpg\" alt=\"Lorem ipsum used in a magazine layout\">\r\n      <figcaption>\r\n        <div class=\"page-section__squiggle\">\r\n          <div class=\"page-section__squiggle-one\"></div>\r\n          <div class=\"page-section__squiggle-two\"></div>\r\n        </div>\r\n        <h4 class=\"f5 cl-gray-1 page-section__caption\">Magazine layout with lorem ipsum</h4>\r\n      </figcaption>\r\n    </figure>\r\n    <div class=\"g12-xs g9-md g6-xl page-section__block\">\r\n      <h3 class=\"f5 cl-orange mb16\">History, Purpose and Usage</h3>\r\n      <p class=\"f4 cl-white mt0 mb16\"><em>Lorem ipsum</em>, or <em>lipsum</em> as it is sometimes known, is dummy text used in laying out print, graphic or web designs. The passage is attributed to an unknown typesetter in the 15th century who is thought to have scrambled parts of Cicero\'s <em>De Finibus Bonorum et Malorum</em> for use in a type specimen book. It usually begins with:\r\n</p>\r\n      <blockquote class=\"page-section__blockquote\">“Lorem ipsum dolor sit amet, consectetur adipiscing elit, sed do eiusmod tempor incididunt ut labore et dolore magna aliqua.”</blockquote>\r\n      <p class=\"f4 cl-white mv16\">The purpose of <em>lorem ipsum</em> is to create a natural looking block of text (sentence, paragraph, page, etc.) that doesn\'t distract from the layout. A practice not without <a href=\"#controversy\" title=\"Controversy in the Design World\">controversy</a>, laying out pages with meaningless filler text can be very useful when the focus is meant to be on design, not content.\r\n</p>\r\n      <p class=\"f4 cl-white mv16\">The passage experienced a surge in popularity during the 1960s when Letraset used it on their dry-transfer sheets, and again during the 90s as desktop publishers bundled the text with their software. Today it\'s seen all around the web; on templates, websites, and stock designs. Use our <a href=\"#generator\" title=\"Lorem Ipsum Generator\">generator</a> to get your own, or read on for the authoritative history of <em>lorem ipsum</em>.\r\n</p>\r\n    </div>\r\n    <div class=\"g12-xs g3-xl page-display s-half-page\">\r\n      <div class=\"page-display__block\">\r\n\r\n        <div align=\"center\" data-freestar-ad=\"__300x600\" id=\"loremipsum_siderail_right_2\" name=\"loremipsum_siderail_right_2\" data-google-query-id=\"\">\r\n          <script data-cfasync=\"false\" type=\"text/javascript\">\r\n            freestar.config.enabled_slots.push({ placementName: \"loremipsum_siderail_right_2\", slotId: \"loremipsum_siderail_right_2\" });\r\n          </script>\r\n        <div id=\"google_ads_iframe_/15184186,22580084566/loremipsum_siderail_right_2_0__container__\" style=\"border: 0pt none; width: 300px; height: 0px;\"></div></div>\r\n      </div>\r\n    </div>\r\n  </div>', '2024-05-31 02:43:48', '2024-06-10 17:48:13'),
(12, 2, 'ACER NITRO 5', 'assets/uploads/1718066993tx20.jpg', 20990000, NULL, 'Lorem ipsum dolor sit amet, consectetur adipiscing elit, sed do eiusmod tempor incididunt ut labore et dolore magna aliqua. Ut enim ad minim veniam, quis nostrud exercitation ullamco laboris nisi ut aliquip ex ea commodo consequat.', '<div class=\"gr\">\r\n    <figure class=\"g12-xs g3-md page-section__image\">\r\n      <img src=\"https://loremipsum.io/assets/images/lorem-ipsum-magazine-layout.jpg\" alt=\"Lorem ipsum used in a magazine layout\">\r\n      <figcaption>\r\n        <div class=\"page-section__squiggle\">\r\n          <div class=\"page-section__squiggle-one\"></div>\r\n          <div class=\"page-section__squiggle-two\"></div>\r\n        </div>\r\n        <h4 class=\"f5 cl-gray-1 page-section__caption\">Magazine layout with lorem ipsum</h4>\r\n      </figcaption>\r\n    </figure>\r\n    <div class=\"g12-xs g9-md g6-xl page-section__block\">\r\n      <h3 class=\"f5 cl-orange mb16\">History, Purpose and Usage</h3>\r\n      <p class=\"f4 cl-white mt0 mb16\"><em>Lorem ipsum</em>, or <em>lipsum</em> as it is sometimes known, is dummy text used in laying out print, graphic or web designs. The passage is attributed to an unknown typesetter in the 15th century who is thought to have scrambled parts of Cicero\'s <em>De Finibus Bonorum et Malorum</em> for use in a type specimen book. It usually begins with:\r\n</p>\r\n      <blockquote class=\"page-section__blockquote\">“Lorem ipsum dolor sit amet, consectetur adipiscing elit, sed do eiusmod tempor incididunt ut labore et dolore magna aliqua.”</blockquote>\r\n      <p class=\"f4 cl-white mv16\">The purpose of <em>lorem ipsum</em> is to create a natural looking block of text (sentence, paragraph, page, etc.) that doesn\'t distract from the layout. A practice not without <a href=\"#controversy\" title=\"Controversy in the Design World\">controversy</a>, laying out pages with meaningless filler text can be very useful when the focus is meant to be on design, not content.\r\n</p>\r\n      <p class=\"f4 cl-white mv16\">The passage experienced a surge in popularity during the 1960s when Letraset used it on their dry-transfer sheets, and again during the 90s as desktop publishers bundled the text with their software. Today it\'s seen all around the web; on templates, websites, and stock designs. Use our <a href=\"#generator\" title=\"Lorem Ipsum Generator\">generator</a> to get your own, or read on for the authoritative history of <em>lorem ipsum</em>.\r\n</p>\r\n    </div>\r\n    <div class=\"g12-xs g3-xl page-display s-half-page\">\r\n      <div class=\"page-display__block\">\r\n\r\n        <div align=\"center\" data-freestar-ad=\"__300x600\" id=\"loremipsum_siderail_right_2\" name=\"loremipsum_siderail_right_2\" data-google-query-id=\"\">\r\n          <script data-cfasync=\"false\" type=\"text/javascript\">\r\n            freestar.config.enabled_slots.push({ placementName: \"loremipsum_siderail_right_2\", slotId: \"loremipsum_siderail_right_2\" });\r\n          </script>\r\n        <div id=\"google_ads_iframe_/15184186,22580084566/loremipsum_siderail_right_2_0__container__\" style=\"border: 0pt none; width: 300px; height: 0px;\"></div></div>\r\n      </div>\r\n    </div>\r\n  </div>', '2024-05-31 02:43:48', '2024-06-10 17:49:53'),
(16, 8, 'E-POWER OFFICE 26', 'assets/uploads/1718073956TX24.jpg', 7190000, NULL, 'Lorem ipsum dolor sit amet, consectetur adipiscing elit, sed do eiusmod tempor incididunt ut labore et dolore magna aliqua. Ut enim ad minim veniam, quis nostrud exercitation ullamco laboris nisi ut aliquip ex ea commodo consequat.', '', '2024-06-11 00:52:06', '2024-06-10 19:45:56'),
(17, 8, 'E-POWER OFFICE 20 AMD ', 'assets/uploads/1718073971tx23.jpg', 15990000, NULL, 'Lorem ipsum dolor sit amet, consectetur adipiscing elit, sed do eiusmod tempor incididunt ut labore et dolore magna aliqua. Ut enim ad minim veniam, quis nostrud exercitation ullamco laboris nisi ut aliquip ex ea commodo consequat.', '', '2024-06-11 00:53:51', '2024-06-10 19:46:11'),
(18, 8, 'GAMING E-POWER I3060', 'assets/uploads/1718073984tx22.jpg', 19990000, NULL, 'Lorem ipsum dolor sit amet, consectetur adipiscing elit, sed do eiusmod tempor incididunt ut labore et dolore magna aliqua. Ut enim ad minim veniam, quis nostrud exercitation ullamco laboris nisi ut aliquip ex ea commodo consequat.', '', '2024-06-11 00:54:02', '2024-06-10 19:46:24'),
(19, 8, 'E-POWER CRYSTAL', 'assets/uploads/1718073550TX24.jpg', 31590000, NULL, 'Lorem ipsum dolor sit amet, consectetur adipiscing elit, sed do eiusmod tempor incididunt ut labore et dolore magna aliqua. Ut enim ad minim veniam, quis nostrud exercitation ullamco laboris nisi ut aliquip ex ea commodo consequat.', '<div class=\"gr\">\r\n    <figure class=\"g12-xs g3-md page-section__image\">\r\n      <img src=\"https://loremipsum.io/assets/images/lorem-ipsum-magazine-layout.jpg\" alt=\"Lorem ipsum used in a magazine layout\">\r\n      <figcaption>\r\n        <div class=\"page-section__squiggle\">\r\n          <div class=\"page-section__squiggle-one\"></div>\r\n          <div class=\"page-section__squiggle-two\"></div>\r\n        </div>\r\n        <h4 class=\"f5 cl-gray-1 page-section__caption\">Magazine layout with lorem ipsum</h4>\r\n      </figcaption>\r\n    </figure>\r\n    <div class=\"g12-xs g9-md g6-xl page-section__block\">\r\n      <h3 class=\"f5 cl-orange mb16\">History, Purpose and Usage</h3>\r\n      <p class=\"f4 cl-white mt0 mb16\"><em>Lorem ipsum</em>, or <em>lipsum</em> as it is sometimes known, is dummy text used in laying out print, graphic or web designs. The passage is attributed to an unknown typesetter in the 15th century who is thought to have scrambled parts of Cicero\'s <em>De Finibus Bonorum et Malorum</em> for use in a type specimen book. It usually begins with:\r\n</p>\r\n      <blockquote class=\"page-section__blockquote\">“Lorem ipsum dolor sit amet, consectetur adipiscing elit, sed do eiusmod tempor incididunt ut labore et dolore magna aliqua.”</blockquote>\r\n      <p class=\"f4 cl-white mv16\">The purpose of <em>lorem ipsum</em> is to create a natural looking block of text (sentence, paragraph, page, etc.) that doesn\'t distract from the layout. A practice not without <a href=\"#controversy\" title=\"Controversy in the Design World\">controversy</a>, laying out pages with meaningless filler text can be very useful when the focus is meant to be on design, not content.\r\n</p>\r\n      <p class=\"f4 cl-white mv16\">The passage experienced a surge in popularity during the 1960s when Letraset used it on their dry-transfer sheets, and again during the 90s as desktop publishers bundled the text with their software. Today it\'s seen all around the web; on templates, websites, and stock designs. Use our <a href=\"#generator\" title=\"Lorem Ipsum Generator\">generator</a> to get your own, or read on for the authoritative history of <em>lorem ipsum</em>.\r\n</p>\r\n    </div>\r\n    <div class=\"g12-xs g3-xl page-display s-half-page\">\r\n      <div class=\"page-display__block\">\r\n\r\n        <div align=\"center\" data-freestar-ad=\"__300x600\" id=\"loremipsum_siderail_right_2\" name=\"loremipsum_siderail_right_2\" data-google-query-id=\"\">\r\n          <script data-cfasync=\"false\" type=\"text/javascript\">\r\n            freestar.config.enabled_slots.push({ placementName: \"loremipsum_siderail_right_2\", slotId: \"loremipsum_siderail_right_2\" });\r\n          </script>\r\n        <div id=\"google_ads_iframe_/15184186,22580084566/loremipsum_siderail_right_2_0__container__\" style=\"border: 0pt none; width: 300px; height: 0px;\"></div></div>\r\n      </div>\r\n    </div>\r\n  </div>', '2024-06-11 00:54:11', '2024-06-10 19:39:10'),
(20, 1, 'Xiaomi Redmi note 12', 'assets/uploads/1718073568tx30.jpg', 7490000, NULL, 'Lorem ipsum dolor sit amet, consectetur adipiscing elit, sed do eiusmod tempor incididunt ut labore et dolore magna aliqua. Ut enim ad minim veniam, quis nostrud exercitation ullamco laboris nisi ut aliquip ex ea commodo consequat.', '<div class=\"gr\">\r\n    <figure class=\"g12-xs g3-md page-section__image\">\r\n      <img src=\"https://loremipsum.io/assets/images/lorem-ipsum-magazine-layout.jpg\" alt=\"Lorem ipsum used in a magazine layout\">\r\n      <figcaption>\r\n        <div class=\"page-section__squiggle\">\r\n          <div class=\"page-section__squiggle-one\"></div>\r\n          <div class=\"page-section__squiggle-two\"></div>\r\n        </div>\r\n        <h4 class=\"f5 cl-gray-1 page-section__caption\">Magazine layout with lorem ipsum</h4>\r\n      </figcaption>\r\n    </figure>\r\n    <div class=\"g12-xs g9-md g6-xl page-section__block\">\r\n      <h3 class=\"f5 cl-orange mb16\">History, Purpose and Usage</h3>\r\n      <p class=\"f4 cl-white mt0 mb16\"><em>Lorem ipsum</em>, or <em>lipsum</em> as it is sometimes known, is dummy text used in laying out print, graphic or web designs. The passage is attributed to an unknown typesetter in the 15th century who is thought to have scrambled parts of Cicero\'s <em>De Finibus Bonorum et Malorum</em> for use in a type specimen book. It usually begins with:\r\n</p>\r\n      <blockquote class=\"page-section__blockquote\">“Lorem ipsum dolor sit amet, consectetur adipiscing elit, sed do eiusmod tempor incididunt ut labore et dolore magna aliqua.”</blockquote>\r\n      <p class=\"f4 cl-white mv16\">The purpose of <em>lorem ipsum</em> is to create a natural looking block of text (sentence, paragraph, page, etc.) that doesn\'t distract from the layout. A practice not without <a href=\"#controversy\" title=\"Controversy in the Design World\">controversy</a>, laying out pages with meaningless filler text can be very useful when the focus is meant to be on design, not content.\r\n</p>\r\n      <p class=\"f4 cl-white mv16\">The passage experienced a surge in popularity during the 1960s when Letraset used it on their dry-transfer sheets, and again during the 90s as desktop publishers bundled the text with their software. Today it\'s seen all around the web; on templates, websites, and stock designs. Use our <a href=\"#generator\" title=\"Lorem Ipsum Generator\">generator</a> to get your own, or read on for the authoritative history of <em>lorem ipsum</em>.\r\n</p>\r\n    </div>\r\n    <div class=\"g12-xs g3-xl page-display s-half-page\">\r\n      <div class=\"page-display__block\">\r\n\r\n        <div align=\"center\" data-freestar-ad=\"__300x600\" id=\"loremipsum_siderail_right_2\" name=\"loremipsum_siderail_right_2\" data-google-query-id=\"\">\r\n          <script data-cfasync=\"false\" type=\"text/javascript\">\r\n            freestar.config.enabled_slots.push({ placementName: \"loremipsum_siderail_right_2\", slotId: \"loremipsum_siderail_right_2\" });\r\n          </script>\r\n        <div id=\"google_ads_iframe_/15184186,22580084566/loremipsum_siderail_right_2_0__container__\" style=\"border: 0pt none; width: 300px; height: 0px;\"></div></div>\r\n      </div>\r\n    </div>\r\n  </div>', '2024-06-11 00:54:40', '2024-06-10 19:39:28');
INSERT INTO `products` (`id`, `category_id`, `name`, `img_thumbnail`, `price_regular`, `price_sale`, `overview`, `content`, `created_at`, `updated_at`) VALUES
(21, 2, 'LENOVO IDEAPAD SLIM 3', 'assets/uploads/1718073591tx27.jpg', 17490000, NULL, 'Lorem ipsum dolor sit amet, consectetur adipiscing elit, sed do eiusmod tempor incididunt ut labore et dolore magna aliqua. Ut enim ad minim veniam, quis nostrud exercitation ullamco laboris nisi ut aliquip ex ea commodo consequat.', '<div class=\"gr\">\r\n    <figure class=\"g12-xs g3-md page-section__image\">\r\n      <img src=\"https://loremipsum.io/assets/images/lorem-ipsum-magazine-layout.jpg\" alt=\"Lorem ipsum used in a magazine layout\">\r\n      <figcaption>\r\n        <div class=\"page-section__squiggle\">\r\n          <div class=\"page-section__squiggle-one\"></div>\r\n          <div class=\"page-section__squiggle-two\"></div>\r\n        </div>\r\n        <h4 class=\"f5 cl-gray-1 page-section__caption\">Magazine layout with lorem ipsum</h4>\r\n      </figcaption>\r\n    </figure>\r\n    <div class=\"g12-xs g9-md g6-xl page-section__block\">\r\n      <h3 class=\"f5 cl-orange mb16\">History, Purpose and Usage</h3>\r\n      <p class=\"f4 cl-white mt0 mb16\"><em>Lorem ipsum</em>, or <em>lipsum</em> as it is sometimes known, is dummy text used in laying out print, graphic or web designs. The passage is attributed to an unknown typesetter in the 15th century who is thought to have scrambled parts of Cicero\'s <em>De Finibus Bonorum et Malorum</em> for use in a type specimen book. It usually begins with:\r\n</p>\r\n      <blockquote class=\"page-section__blockquote\">“Lorem ipsum dolor sit amet, consectetur adipiscing elit, sed do eiusmod tempor incididunt ut labore et dolore magna aliqua.”</blockquote>\r\n      <p class=\"f4 cl-white mv16\">The purpose of <em>lorem ipsum</em> is to create a natural looking block of text (sentence, paragraph, page, etc.) that doesn\'t distract from the layout. A practice not without <a href=\"#controversy\" title=\"Controversy in the Design World\">controversy</a>, laying out pages with meaningless filler text can be very useful when the focus is meant to be on design, not content.\r\n</p>\r\n      <p class=\"f4 cl-white mv16\">The passage experienced a surge in popularity during the 1960s when Letraset used it on their dry-transfer sheets, and again during the 90s as desktop publishers bundled the text with their software. Today it\'s seen all around the web; on templates, websites, and stock designs. Use our <a href=\"#generator\" title=\"Lorem Ipsum Generator\">generator</a> to get your own, or read on for the authoritative history of <em>lorem ipsum</em>.\r\n</p>\r\n    </div>\r\n    <div class=\"g12-xs g3-xl page-display s-half-page\">\r\n      <div class=\"page-display__block\">\r\n\r\n        <div align=\"center\" data-freestar-ad=\"__300x600\" id=\"loremipsum_siderail_right_2\" name=\"loremipsum_siderail_right_2\" data-google-query-id=\"\">\r\n          <script data-cfasync=\"false\" type=\"text/javascript\">\r\n            freestar.config.enabled_slots.push({ placementName: \"loremipsum_siderail_right_2\", slotId: \"loremipsum_siderail_right_2\" });\r\n          </script>\r\n        <div id=\"google_ads_iframe_/15184186,22580084566/loremipsum_siderail_right_2_0__container__\" style=\"border: 0pt none; width: 300px; height: 0px;\"></div></div>\r\n      </div>\r\n    </div>\r\n  </div>', '2024-06-11 00:58:10', '2024-06-10 19:39:51'),
(22, 1, 'IPHONE 15 PRO MAX', 'assets/uploads/1718073467tải xuống (17).jpg', 29500000, NULL, 'Lorem ipsum dolor sit amet, consectetur adipiscing elit, sed do eiusmod tempor incididunt ut labore et dolore magna aliqua. Ut enim ad minim veniam, quis nostrud exercitation ullamco laboris nisi ut aliquip ex ea commodo consequat.', '<div class=\"gr\">\r\n    <figure class=\"g12-xs g3-md page-section__image\">\r\n      <img src=\"https://loremipsum.io/assets/images/lorem-ipsum-magazine-layout.jpg\" alt=\"Lorem ipsum used in a magazine layout\">\r\n      <figcaption>\r\n        <div class=\"page-section__squiggle\">\r\n          <div class=\"page-section__squiggle-one\"></div>\r\n          <div class=\"page-section__squiggle-two\"></div>\r\n        </div>\r\n        <h4 class=\"f5 cl-gray-1 page-section__caption\">Magazine layout with lorem ipsum</h4>\r\n      </figcaption>\r\n    </figure>\r\n    <div class=\"g12-xs g9-md g6-xl page-section__block\">\r\n      <h3 class=\"f5 cl-orange mb16\">History, Purpose and Usage</h3>\r\n      <p class=\"f4 cl-white mt0 mb16\"><em>Lorem ipsum</em>, or <em>lipsum</em> as it is sometimes known, is dummy text used in laying out print, graphic or web designs. The passage is attributed to an unknown typesetter in the 15th century who is thought to have scrambled parts of Cicero\'s <em>De Finibus Bonorum et Malorum</em> for use in a type specimen book. It usually begins with:\r\n</p>\r\n      <blockquote class=\"page-section__blockquote\">“Lorem ipsum dolor sit amet, consectetur adipiscing elit, sed do eiusmod tempor incididunt ut labore et dolore magna aliqua.”</blockquote>\r\n      <p class=\"f4 cl-white mv16\">The purpose of <em>lorem ipsum</em> is to create a natural looking block of text (sentence, paragraph, page, etc.) that doesn\'t distract from the layout. A practice not without <a href=\"#controversy\" title=\"Controversy in the Design World\">controversy</a>, laying out pages with meaningless filler text can be very useful when the focus is meant to be on design, not content.\r\n</p>\r\n      <p class=\"f4 cl-white mv16\">The passage experienced a surge in popularity during the 1960s when Letraset used it on their dry-transfer sheets, and again during the 90s as desktop publishers bundled the text with their software. Today it\'s seen all around the web; on templates, websites, and stock designs. Use our <a href=\"#generator\" title=\"Lorem Ipsum Generator\">generator</a> to get your own, or read on for the authoritative history of <em>lorem ipsum</em>.\r\n</p>\r\n    </div>\r\n    <div class=\"g12-xs g3-xl page-display s-half-page\">\r\n      <div class=\"page-display__block\">\r\n\r\n        <div align=\"center\" data-freestar-ad=\"__300x600\" id=\"loremipsum_siderail_right_2\" name=\"loremipsum_siderail_right_2\" data-google-query-id=\"\">\r\n          <script data-cfasync=\"false\" type=\"text/javascript\">\r\n            freestar.config.enabled_slots.push({ placementName: \"loremipsum_siderail_right_2\", slotId: \"loremipsum_siderail_right_2\" });\r\n          </script>\r\n        <div id=\"google_ads_iframe_/15184186,22580084566/loremipsum_siderail_right_2_0__container__\" style=\"border: 0pt none; width: 300px; height: 0px;\"></div></div>\r\n      </div>\r\n    </div>\r\n  </div>', '2024-06-11 00:58:25', '2024-06-10 19:37:47'),
(23, 2, 'ACER ASPIRE 3', 'assets/uploads/1718073674tx25.jpg', 18990000, NULL, '', '<div class=\"gr\">\r\n    <figure class=\"g12-xs g3-md page-section__image\">\r\n      <img src=\"https://loremipsum.io/assets/images/lorem-ipsum-magazine-layout.jpg\" alt=\"Lorem ipsum used in a magazine layout\">\r\n      <figcaption>\r\n        <div class=\"page-section__squiggle\">\r\n          <div class=\"page-section__squiggle-one\"></div>\r\n          <div class=\"page-section__squiggle-two\"></div>\r\n        </div>\r\n        <h4 class=\"f5 cl-gray-1 page-section__caption\">Magazine layout with lorem ipsum</h4>\r\n      </figcaption>\r\n    </figure>\r\n    <div class=\"g12-xs g9-md g6-xl page-section__block\">\r\n      <h3 class=\"f5 cl-orange mb16\">History, Purpose and Usage</h3>\r\n      <p class=\"f4 cl-white mt0 mb16\"><em>Lorem ipsum</em>, or <em>lipsum</em> as it is sometimes known, is dummy text used in laying out print, graphic or web designs. The passage is attributed to an unknown typesetter in the 15th century who is thought to have scrambled parts of Cicero\'s <em>De Finibus Bonorum et Malorum</em> for use in a type specimen book. It usually begins with:\r\n</p>\r\n      <blockquote class=\"page-section__blockquote\">“Lorem ipsum dolor sit amet, consectetur adipiscing elit, sed do eiusmod tempor incididunt ut labore et dolore magna aliqua.”</blockquote>\r\n      <p class=\"f4 cl-white mv16\">The purpose of <em>lorem ipsum</em> is to create a natural looking block of text (sentence, paragraph, page, etc.) that doesn\'t distract from the layout. A practice not without <a href=\"#controversy\" title=\"Controversy in the Design World\">controversy</a>, laying out pages with meaningless filler text can be very useful when the focus is meant to be on design, not content.\r\n</p>\r\n      <p class=\"f4 cl-white mv16\">The passage experienced a surge in popularity during the 1960s when Letraset used it on their dry-transfer sheets, and again during the 90s as desktop publishers bundled the text with their software. Today it\'s seen all around the web; on templates, websites, and stock designs. Use our <a href=\"#generator\" title=\"Lorem Ipsum Generator\">generator</a> to get your own, or read on for the authoritative history of <em>lorem ipsum</em>.\r\n</p>\r\n    </div>\r\n    <div class=\"g12-xs g3-xl page-display s-half-page\">\r\n      <div class=\"page-display__block\">\r\n\r\n        <div align=\"center\" data-freestar-ad=\"__300x600\" id=\"loremipsum_siderail_right_2\" name=\"loremipsum_siderail_right_2\" data-google-query-id=\"\">\r\n          <script data-cfasync=\"false\" type=\"text/javascript\">\r\n            freestar.config.enabled_slots.push({ placementName: \"loremipsum_siderail_right_2\", slotId: \"loremipsum_siderail_right_2\" });\r\n          </script>\r\n        <div id=\"google_ads_iframe_/15184186,22580084566/loremipsum_siderail_right_2_0__container__\" style=\"border: 0pt none; width: 300px; height: 0px;\"></div></div>\r\n      </div>\r\n    </div>\r\n  </div>', '2024-06-11 00:58:41', '2024-06-10 19:41:14'),
(24, 2, 'MSI GAMING THIN', 'assets/uploads/1718073751tx31.jpg', 17490000, NULL, 'Lorem ipsum dolor sit amet, consectetur adipiscing elit, sed do eiusmod tempor incididunt ut labore et dolore magna aliqua. Ut enim ad minim veniam, quis nostrud exercitation ullamco laboris nisi ut aliquip ex ea commodo consequat.', '<div class=\"gr\">\r\n    <figure class=\"g12-xs g3-md page-section__image\">\r\n      <img src=\"https://loremipsum.io/assets/images/lorem-ipsum-magazine-layout.jpg\" alt=\"Lorem ipsum used in a magazine layout\">\r\n      <figcaption>\r\n        <div class=\"page-section__squiggle\">\r\n          <div class=\"page-section__squiggle-one\"></div>\r\n          <div class=\"page-section__squiggle-two\"></div>\r\n        </div>\r\n        <h4 class=\"f5 cl-gray-1 page-section__caption\">Magazine layout with lorem ipsum</h4>\r\n      </figcaption>\r\n    </figure>\r\n    <div class=\"g12-xs g9-md g6-xl page-section__block\">\r\n      <h3 class=\"f5 cl-orange mb16\">History, Purpose and Usage</h3>\r\n      <p class=\"f4 cl-white mt0 mb16\"><em>Lorem ipsum</em>, or <em>lipsum</em> as it is sometimes known, is dummy text used in laying out print, graphic or web designs. The passage is attributed to an unknown typesetter in the 15th century who is thought to have scrambled parts of Cicero\'s <em>De Finibus Bonorum et Malorum</em> for use in a type specimen book. It usually begins with:\r\n</p>\r\n      <blockquote class=\"page-section__blockquote\">“Lorem ipsum dolor sit amet, consectetur adipiscing elit, sed do eiusmod tempor incididunt ut labore et dolore magna aliqua.”</blockquote>\r\n      <p class=\"f4 cl-white mv16\">The purpose of <em>lorem ipsum</em> is to create a natural looking block of text (sentence, paragraph, page, etc.) that doesn\'t distract from the layout. A practice not without <a href=\"#controversy\" title=\"Controversy in the Design World\">controversy</a>, laying out pages with meaningless filler text can be very useful when the focus is meant to be on design, not content.\r\n</p>\r\n      <p class=\"f4 cl-white mv16\">The passage experienced a surge in popularity during the 1960s when Letraset used it on their dry-transfer sheets, and again during the 90s as desktop publishers bundled the text with their software. Today it\'s seen all around the web; on templates, websites, and stock designs. Use our <a href=\"#generator\" title=\"Lorem Ipsum Generator\">generator</a> to get your own, or read on for the authoritative history of <em>lorem ipsum</em>.\r\n</p>\r\n    </div>\r\n    <div class=\"g12-xs g3-xl page-display s-half-page\">\r\n      <div class=\"page-display__block\">\r\n\r\n        <div align=\"center\" data-freestar-ad=\"__300x600\" id=\"loremipsum_siderail_right_2\" name=\"loremipsum_siderail_right_2\" data-google-query-id=\"\">\r\n          <script data-cfasync=\"false\" type=\"text/javascript\">\r\n            freestar.config.enabled_slots.push({ placementName: \"loremipsum_siderail_right_2\", slotId: \"loremipsum_siderail_right_2\" });\r\n          </script>\r\n        <div id=\"google_ads_iframe_/15184186,22580084566/loremipsum_siderail_right_2_0__container__\" style=\"border: 0pt none; width: 300px; height: 0px;\"></div></div>\r\n      </div>\r\n    </div>\r\n  </div>', '2024-06-11 00:59:00', '2024-06-10 19:42:31'),
(25, 1, 'Xiaomi Redmi Note 14', 'assets/uploads/1718073483tx29.jpg', 9490000, NULL, 'Lorem ipsum dolor sit amet, consectetur adipiscing elit, sed do eiusmod tempor incididunt ut labore et dolore magna aliqua. Ut enim ad minim veniam, quis nostrud exercitation ullamco laboris nisi ut aliquip ex ea commodo consequat.', '<div class=\"gr\">\r\n    <figure class=\"g12-xs g3-md page-section__image\">\r\n      <img src=\"https://loremipsum.io/assets/images/lorem-ipsum-magazine-layout.jpg\" alt=\"Lorem ipsum used in a magazine layout\">\r\n      <figcaption>\r\n        <div class=\"page-section__squiggle\">\r\n          <div class=\"page-section__squiggle-one\"></div>\r\n          <div class=\"page-section__squiggle-two\"></div>\r\n        </div>\r\n        <h4 class=\"f5 cl-gray-1 page-section__caption\">Magazine layout with lorem ipsum</h4>\r\n      </figcaption>\r\n    </figure>\r\n    <div class=\"g12-xs g9-md g6-xl page-section__block\">\r\n      <h3 class=\"f5 cl-orange mb16\">History, Purpose and Usage</h3>\r\n      <p class=\"f4 cl-white mt0 mb16\"><em>Lorem ipsum</em>, or <em>lipsum</em> as it is sometimes known, is dummy text used in laying out print, graphic or web designs. The passage is attributed to an unknown typesetter in the 15th century who is thought to have scrambled parts of Cicero\'s <em>De Finibus Bonorum et Malorum</em> for use in a type specimen book. It usually begins with:\r\n</p>\r\n      <blockquote class=\"page-section__blockquote\">“Lorem ipsum dolor sit amet, consectetur adipiscing elit, sed do eiusmod tempor incididunt ut labore et dolore magna aliqua.”</blockquote>\r\n      <p class=\"f4 cl-white mv16\">The purpose of <em>lorem ipsum</em> is to create a natural looking block of text (sentence, paragraph, page, etc.) that doesn\'t distract from the layout. A practice not without <a href=\"#controversy\" title=\"Controversy in the Design World\">controversy</a>, laying out pages with meaningless filler text can be very useful when the focus is meant to be on design, not content.\r\n</p>\r\n      <p class=\"f4 cl-white mv16\">The passage experienced a surge in popularity during the 1960s when Letraset used it on their dry-transfer sheets, and again during the 90s as desktop publishers bundled the text with their software. Today it\'s seen all around the web; on templates, websites, and stock designs. Use our <a href=\"#generator\" title=\"Lorem Ipsum Generator\">generator</a> to get your own, or read on for the authoritative history of <em>lorem ipsum</em>.\r\n</p>\r\n    </div>\r\n    <div class=\"g12-xs g3-xl page-display s-half-page\">\r\n      <div class=\"page-display__block\">\r\n\r\n        <div align=\"center\" data-freestar-ad=\"__300x600\" id=\"loremipsum_siderail_right_2\" name=\"loremipsum_siderail_right_2\" data-google-query-id=\"\">\r\n          <script data-cfasync=\"false\" type=\"text/javascript\">\r\n            freestar.config.enabled_slots.push({ placementName: \"loremipsum_siderail_right_2\", slotId: \"loremipsum_siderail_right_2\" });\r\n          </script>\r\n        <div id=\"google_ads_iframe_/15184186,22580084566/loremipsum_siderail_right_2_0__container__\" style=\"border: 0pt none; width: 300px; height: 0px;\"></div></div>\r\n      </div>\r\n    </div>\r\n  </div>', '2024-06-11 00:59:18', '2024-06-10 19:38:03'),
(26, 1, 'Xiaomi Redmi Note 13', 'assets/uploads/1718073494tx28.jpg', 7450000, NULL, 'Lorem ipsum dolor sit amet, consectetur adipiscing elit, sed do eiusmod tempor incididunt ut labore et dolore magna aliqua. Ut enim ad minim veniam, quis nostrud exercitation ullamco laboris nisi ut aliquip ex ea commodo consequat.', '<div class=\"gr\">\r\n    <figure class=\"g12-xs g3-md page-section__image\">\r\n      <img src=\"https://loremipsum.io/assets/images/lorem-ipsum-magazine-layout.jpg\" alt=\"Lorem ipsum used in a magazine layout\">\r\n      <figcaption>\r\n        <div class=\"page-section__squiggle\">\r\n          <div class=\"page-section__squiggle-one\"></div>\r\n          <div class=\"page-section__squiggle-two\"></div>\r\n        </div>\r\n        <h4 class=\"f5 cl-gray-1 page-section__caption\">Magazine layout with lorem ipsum</h4>\r\n      </figcaption>\r\n    </figure>\r\n    <div class=\"g12-xs g9-md g6-xl page-section__block\">\r\n      <h3 class=\"f5 cl-orange mb16\">History, Purpose and Usage</h3>\r\n      <p class=\"f4 cl-white mt0 mb16\"><em>Lorem ipsum</em>, or <em>lipsum</em> as it is sometimes known, is dummy text used in laying out print, graphic or web designs. The passage is attributed to an unknown typesetter in the 15th century who is thought to have scrambled parts of Cicero\'s <em>De Finibus Bonorum et Malorum</em> for use in a type specimen book. It usually begins with:\r\n</p>\r\n      <blockquote class=\"page-section__blockquote\">“Lorem ipsum dolor sit amet, consectetur adipiscing elit, sed do eiusmod tempor incididunt ut labore et dolore magna aliqua.”</blockquote>\r\n      <p class=\"f4 cl-white mv16\">The purpose of <em>lorem ipsum</em> is to create a natural looking block of text (sentence, paragraph, page, etc.) that doesn\'t distract from the layout. A practice not without <a href=\"#controversy\" title=\"Controversy in the Design World\">controversy</a>, laying out pages with meaningless filler text can be very useful when the focus is meant to be on design, not content.\r\n</p>\r\n      <p class=\"f4 cl-white mv16\">The passage experienced a surge in popularity during the 1960s when Letraset used it on their dry-transfer sheets, and again during the 90s as desktop publishers bundled the text with their software. Today it\'s seen all around the web; on templates, websites, and stock designs. Use our <a href=\"#generator\" title=\"Lorem Ipsum Generator\">generator</a> to get your own, or read on for the authoritative history of <em>lorem ipsum</em>.\r\n</p>\r\n    </div>\r\n    <div class=\"g12-xs g3-xl page-display s-half-page\">\r\n      <div class=\"page-display__block\">\r\n\r\n        <div align=\"center\" data-freestar-ad=\"__300x600\" id=\"loremipsum_siderail_right_2\" name=\"loremipsum_siderail_right_2\" data-google-query-id=\"\">\r\n          <script data-cfasync=\"false\" type=\"text/javascript\">\r\n            freestar.config.enabled_slots.push({ placementName: \"loremipsum_siderail_right_2\", slotId: \"loremipsum_siderail_right_2\" });\r\n          </script>\r\n        <div id=\"google_ads_iframe_/15184186,22580084566/loremipsum_siderail_right_2_0__container__\" style=\"border: 0pt none; width: 300px; height: 0px;\"></div></div>\r\n      </div>\r\n    </div>\r\n  </div>', '2024-06-11 00:59:30', '2024-06-10 19:38:14'),
(27, 2, 'DELL INSPIRON 15', 'assets/uploads/1718073527tx26.jpg', 19990000, NULL, 'Lorem ipsum dolor sit amet, consectetur adipiscing elit, sed do eiusmod tempor incididunt ut labore et dolore magna aliqua. Ut enim ad minim veniam, quis nostrud exercitation ullamco laboris nisi ut aliquip ex ea commodo consequat.', '<div class=\"gr\">\r\n    <figure class=\"g12-xs g3-md page-section__image\">\r\n      <img src=\"https://loremipsum.io/assets/images/lorem-ipsum-magazine-layout.jpg\" alt=\"Lorem ipsum used in a magazine layout\">\r\n      <figcaption>\r\n        <div class=\"page-section__squiggle\">\r\n          <div class=\"page-section__squiggle-one\"></div>\r\n          <div class=\"page-section__squiggle-two\"></div>\r\n        </div>\r\n        <h4 class=\"f5 cl-gray-1 page-section__caption\">Magazine layout with lorem ipsum</h4>\r\n      </figcaption>\r\n    </figure>\r\n    <div class=\"g12-xs g9-md g6-xl page-section__block\">\r\n      <h3 class=\"f5 cl-orange mb16\">History, Purpose and Usage</h3>\r\n      <p class=\"f4 cl-white mt0 mb16\"><em>Lorem ipsum</em>, or <em>lipsum</em> as it is sometimes known, is dummy text used in laying out print, graphic or web designs. The passage is attributed to an unknown typesetter in the 15th century who is thought to have scrambled parts of Cicero\'s <em>De Finibus Bonorum et Malorum</em> for use in a type specimen book. It usually begins with:\r\n</p>\r\n      <blockquote class=\"page-section__blockquote\">“Lorem ipsum dolor sit amet, consectetur adipiscing elit, sed do eiusmod tempor incididunt ut labore et dolore magna aliqua.”</blockquote>\r\n      <p class=\"f4 cl-white mv16\">The purpose of <em>lorem ipsum</em> is to create a natural looking block of text (sentence, paragraph, page, etc.) that doesn\'t distract from the layout. A practice not without <a href=\"#controversy\" title=\"Controversy in the Design World\">controversy</a>, laying out pages with meaningless filler text can be very useful when the focus is meant to be on design, not content.\r\n</p>\r\n      <p class=\"f4 cl-white mv16\">The passage experienced a surge in popularity during the 1960s when Letraset used it on their dry-transfer sheets, and again during the 90s as desktop publishers bundled the text with their software. Today it\'s seen all around the web; on templates, websites, and stock designs. Use our <a href=\"#generator\" title=\"Lorem Ipsum Generator\">generator</a> to get your own, or read on for the authoritative history of <em>lorem ipsum</em>.\r\n</p>\r\n    </div>\r\n    <div class=\"g12-xs g3-xl page-display s-half-page\">\r\n      <div class=\"page-display__block\">\r\n\r\n        <div align=\"center\" data-freestar-ad=\"__300x600\" id=\"loremipsum_siderail_right_2\" name=\"loremipsum_siderail_right_2\" data-google-query-id=\"\">\r\n          <script data-cfasync=\"false\" type=\"text/javascript\">\r\n            freestar.config.enabled_slots.push({ placementName: \"loremipsum_siderail_right_2\", slotId: \"loremipsum_siderail_right_2\" });\r\n          </script>\r\n        <div id=\"google_ads_iframe_/15184186,22580084566/loremipsum_siderail_right_2_0__container__\" style=\"border: 0pt none; width: 300px; height: 0px;\"></div></div>\r\n      </div>\r\n    </div>\r\n  </div>', '2024-06-11 00:59:46', '2024-06-10 19:38:47');

-- --------------------------------------------------------

--
-- Table structure for table `users`
--

CREATE TABLE `users` (
  `id` int NOT NULL,
  `name` varchar(255) NOT NULL,
  `avatar` varchar(255) DEFAULT NULL,
  `email` varchar(255) NOT NULL,
  `password` varchar(255) NOT NULL,
  `type` enum('admin','member') NOT NULL DEFAULT 'member',
  `created_at` timestamp NULL DEFAULT CURRENT_TIMESTAMP,
  `updated_at` timestamp NULL DEFAULT CURRENT_TIMESTAMP,
  `is_active` tinyint(1) NOT NULL DEFAULT '1'
) ENGINE=InnoDB DEFAULT CHARSET=utf8mb4 COLLATE=utf8mb4_0900_ai_ci;

--
-- Dumping data for table `users`
--

INSERT INTO `users` (`id`, `name`, `avatar`, `email`, `password`, `type`, `created_at`, `updated_at`, `is_active`) VALUES
(89, 'Nguyễn Văn 85', NULL, 'a85@gmail.com', '$2y$10$6XASiG5D1HZtDZtxUrI9XeFt6eUwyF/WCyreYqYrldQWQfX3HZoTG', 'member', '2024-05-30 13:49:01', '2024-05-30 13:49:01', 1),
(90, 'Nguyễn Văn 86', NULL, 'a86@gmail.com', '$2y$10$gJwucVIzDdtLsP9kTrYvMuFsdwkgAxiTddwp.4J44kDWAebvkZKii', 'member', '2024-05-30 13:49:01', '2024-05-30 13:49:01', 1),
(91, 'Nguyễn Văn 87', NULL, 'a87@gmail.com', '$2y$10$SsgktcAVr6ifz8f02UITwO2KKn0PSQatc9FY3JZvP9GTnXGlaL0qW', 'member', '2024-05-30 13:49:01', '2024-05-30 13:49:01', 1),
(92, 'Nguyễn Văn 88', NULL, 'a88@gmail.com', '$2y$10$EEJkYBOU0.WPXe3JIRxwquJiO98n.9r5E59iDN9d8iifoAEdeJpqS', 'member', '2024-05-30 13:49:01', '2024-05-30 13:49:01', 1),
(93, 'Nguyễn Văn 89', NULL, 'a89@gmail.com', '$2y$10$aGUd.kcyv/aFnEKHjw3XAOJV13RFUkfu5Ufv8takBabv2zl./PiGG', 'member', '2024-05-30 13:49:01', '2024-05-30 13:49:01', 1),
(94, 'Nguyễn Văn 90', NULL, 'a90@gmail.com', '$2y$10$eRG3LjaWNmV4jjzVPdYJ6eA2EO7J0HZpofurwM7Aln7cnKO1HUSWq', 'member', '2024-05-30 13:49:01', '2024-05-30 13:49:01', 1),
(95, 'Nguyễn Văn A', NULL, 'a91@gmail.com', '$2y$10$kyEjrP4YjTeajyc2wRa0POzumQK0FrpYC1O3mLKulek42EQWt.JJe', 'admin', '2024-05-30 13:49:01', '2024-05-30 13:49:01', 1);

--
-- Indexes for dumped tables
--

--
-- Indexes for table `carts`
--
ALTER TABLE `carts`
  ADD PRIMARY KEY (`id`),
  ADD UNIQUE KEY `user_id` (`user_id`);

--
-- Indexes for table `cart_details`
--
ALTER TABLE `cart_details`
  ADD PRIMARY KEY (`id`),
  ADD KEY `cart_id` (`cart_id`),
  ADD KEY `product_id` (`product_id`);

--
-- Indexes for table `categories`
--
ALTER TABLE `categories`
  ADD PRIMARY KEY (`id`),
  ADD UNIQUE KEY `name` (`name`);

--
-- Indexes for table `orders`
--
ALTER TABLE `orders`
  ADD PRIMARY KEY (`id`),
  ADD KEY `user_id` (`user_id`);

--
-- Indexes for table `order_details`
--
ALTER TABLE `order_details`
  ADD PRIMARY KEY (`id`),
  ADD KEY `order_id` (`order_id`),
  ADD KEY `product_id` (`product_id`);

--
-- Indexes for table `products`
--
ALTER TABLE `products`
  ADD PRIMARY KEY (`id`),
  ADD KEY `category_id` (`category_id`);

--
-- Indexes for table `users`
--
ALTER TABLE `users`
  ADD PRIMARY KEY (`id`),
  ADD UNIQUE KEY `email` (`email`);

--
-- AUTO_INCREMENT for dumped tables
--

--
-- AUTO_INCREMENT for table `carts`
--
ALTER TABLE `carts`
  MODIFY `id` int NOT NULL AUTO_INCREMENT, AUTO_INCREMENT=3;

--
-- AUTO_INCREMENT for table `cart_details`
--
ALTER TABLE `cart_details`
  MODIFY `id` int NOT NULL AUTO_INCREMENT, AUTO_INCREMENT=10;

--
-- AUTO_INCREMENT for table `categories`
--
ALTER TABLE `categories`
  MODIFY `id` int NOT NULL AUTO_INCREMENT, AUTO_INCREMENT=10;

--
-- AUTO_INCREMENT for table `orders`
--
ALTER TABLE `orders`
  MODIFY `id` int NOT NULL AUTO_INCREMENT, AUTO_INCREMENT=3;

--
-- AUTO_INCREMENT for table `order_details`
--
ALTER TABLE `order_details`
  MODIFY `id` int NOT NULL AUTO_INCREMENT, AUTO_INCREMENT=3;

--
-- AUTO_INCREMENT for table `products`
--
ALTER TABLE `products`
  MODIFY `id` int NOT NULL AUTO_INCREMENT, AUTO_INCREMENT=28;

--
-- AUTO_INCREMENT for table `users`
--
ALTER TABLE `users`
  MODIFY `id` int NOT NULL AUTO_INCREMENT, AUTO_INCREMENT=106;

--
-- Constraints for dumped tables
--

--
-- Constraints for table `carts`
--
ALTER TABLE `carts`
  ADD CONSTRAINT `carts_ibfk_1` FOREIGN KEY (`user_id`) REFERENCES `users` (`id`) ON DELETE RESTRICT ON UPDATE RESTRICT;

--
-- Constraints for table `cart_details`
--
ALTER TABLE `cart_details`
  ADD CONSTRAINT `cart_details_ibfk_1` FOREIGN KEY (`cart_id`) REFERENCES `carts` (`id`) ON DELETE RESTRICT ON UPDATE RESTRICT,
  ADD CONSTRAINT `cart_details_ibfk_2` FOREIGN KEY (`product_id`) REFERENCES `products` (`id`) ON DELETE RESTRICT ON UPDATE RESTRICT;

--
-- Constraints for table `orders`
--
ALTER TABLE `orders`
  ADD CONSTRAINT `orders_ibfk_1` FOREIGN KEY (`user_id`) REFERENCES `users` (`id`) ON DELETE RESTRICT ON UPDATE RESTRICT;

--
-- Constraints for table `order_details`
--
ALTER TABLE `order_details`
  ADD CONSTRAINT `order_details_ibfk_1` FOREIGN KEY (`order_id`) REFERENCES `orders` (`id`) ON DELETE RESTRICT ON UPDATE RESTRICT,
  ADD CONSTRAINT `order_details_ibfk_2` FOREIGN KEY (`product_id`) REFERENCES `products` (`id`) ON DELETE RESTRICT ON UPDATE RESTRICT;

--
-- Constraints for table `products`
--
ALTER TABLE `products`
  ADD CONSTRAINT `products_ibfk_1` FOREIGN KEY (`category_id`) REFERENCES `categories` (`id`) ON DELETE RESTRICT ON UPDATE RESTRICT;
COMMIT;

/*!40101 SET CHARACTER_SET_CLIENT=@OLD_CHARACTER_SET_CLIENT */;
/*!40101 SET CHARACTER_SET_RESULTS=@OLD_CHARACTER_SET_RESULTS */;
/*!40101 SET COLLATION_CONNECTION=@OLD_COLLATION_CONNECTION */;
